word,is_stopword
a_lô,1
a_ha,1
ai,0
ai_ai,1
ai_nấy,1
ai_đó,1
alô,1
amen,1
anh,1
anh_ấy,1
ba,1
ba_ba,1
ba_bản,1
ba_cùng,1
ba_họ,1
ba_ngày,1
ba_ngôi,1
ba_tăng,1
bao_giờ,0
bao_lâu,0
bao_nhiêu,0
bao_nả,1
bay_biến,0
biết,0
biết_bao,1
biết_bao_nhiêu,0
biết_chắc,0
biết_chừng_nào,0
biết_mình,1
biết_mấy,1
biết_thế,0
biết_trước,1
biết_việc,1
biết_đâu,0
biết_đâu_chừng,0
biết_đâu_đấy,0
biết_được,1
buổi,1
buổi_làm,1
buổi_mới,1
buổi_ngày,1
buổi_sớm,1
bà,1
bà_ấy,1
bài,1
bài_bác,0
bài_bỏ,0
bài_cái,1
bác,1
bán,0
bán_cấp,1
bán_dạ,1
bán_thế,1
bây_bẩy,1
bây_chừ,1
bây_giờ,1
bây_nhiêu,1
bèn,1
béng,1
bên,0
bên_bị,1
bên_có,1
bên_cạnh,1
bông,1
bước,1
bước_khỏi,1
bước_tới,1
bước_đi,1
bạn,1
bản,1
bản_bộ,1
bản_riêng,1
bản_thân,1
bản_ý,1
bất_chợt,1
bất_cứ,1
bất_giác,1
bất_kì,1
bất_kể,1
bất_kỳ,1
bất_luận,1
bất_ngờ,0
bất_nhược,1
bất_quá,0
bất_quá_chỉ,1
bất_thình_lình,1
bất_tử,1
bất_đồ,1
bấy,1
bấy_chầy,1
bấy_chừ,1
bấy_giờ,1
bấy_lâu,1
bấy_lâu_nay,1
bấy_nay,1
bấy_nhiêu,1
bập_bà_bập_bõm,0
bập_bõm,0
bắt_đầu,1
bắt_đầu_từ,1
bằng,0
bằng_cứ,1
bằng_không,1
bằng_người,1
bằng_nhau,0
bằng_như,1
bằng_nào,1
bằng_nấy,1
bằng_vào,1
bằng_được,1
bằng_ấy,1
bển,1
bệt,1
bị,0
bị_chú,1
bị_vì,0
bỏ,0
bỏ_bà,0
bỏ_cha,0
bỏ_cuộc,0
bỏ_không,1
bỏ_lại,1
bỏ_mình,1
bỏ_mất,0
bỏ_mẹ,0
bỏ_nhỏ,1
bỏ_quá,1
bỏ_ra,1
bỏ_riêng,1
bỏ_việc,1
bỏ_xa,0
bỗng,1
bỗng_chốc,1
bỗng_dưng,1
bỗng_không,1
bỗng_nhiên,1
bỗng_nhưng,1
bỗng_thấy,1
bỗng_đâu,1
bộ,1
bộ_thuộc,1
bộ_điều,1
bội_phần,0
bớ,1
bởi,1
bởi_ai,1
bởi_chưng,1
bởi_nhưng,1
bởi_sao,0
bởi_thế,1
bởi_thế_cho_nên,1
bởi_tại,1
bởi_vì,1
bởi_vậy,1
bởi_đâu,0
bức,0
cao,0
cao_lâu,1
cao_ráo,0
cao_răng,1
cao_sang,0
cao_số,0
cao_thấp,0
cao_thế,0
cao_xa,0
cha,1
cha_chả,0
chao_ôi,0
chia_sẻ,0
chiếc,1
cho,1
cho_biết,1
cho_chắc,1
cho_hay,1
cho_nhau,1
cho_nên,1
cho_rằng,1
cho_rồi,1
cho_thấy,1
cho_tin,1
cho_tới,1
cho_tới_khi,1
cho_về,1
cho_ăn,1
cho_đang,1
cho_được,1
cho_đến,1
cho_đến_khi,1
cho_đến_nỗi,0
choa,0
chu_cha,0
chui_cha,0
chung,1
chung_cho,1
chung_chung,0
chung_cuộc,1
chung_cục,1
chung_nhau,1
chung_qui,1
chung_quy,1
chung_quy_lại,1
chung_ái,1
chuyển,0
chuyển_tự,1
chuyển_đạt,1
chuyện,1
chuẩn_bị,1
chành_chạnh,1
chí_chết,0
chính,0
chính_bản,1
chính_giữa,1
chính_là,1
chính_thị,1
chính_điểm,1
chùn_chùn,0
chùn_chũn,0
chú,1
chú_dẫn,1
chú_khách,1
chú_mày,1
chú_mình,1
chúng,1
chúng_mình,1
chúng_ta,1
chúng_tôi,1
chúng_ông,1
chăn_chắn,1
chăng,0
chăng_chắc,0
chăng_nữa,1
chơi,0
chơi_họ,1
chưa,0
chưa_bao_giờ,0
chưa_chắc,0
chưa_có,0
chưa_cần,0
chưa_dùng,0
chưa_dễ,0
chưa_kể,0
chưa_tính,0
chưa_từng,0
chầm_chập,0
chậc,0
chắc,0
chắc_chắn,0
chắc_dạ,0
chắc_hẳn,0
chắc_lòng,0
chắc_người,0
chắc_vào,0
chắc_ăn,0
chẳng_lẽ,0
chẳng_những,0
chẳng_nữa,0
chẳng_phải,0
chết_nỗi,0
chết_thật,0
chết_tiệt,0
chỉ,0
chỉ_chính,1
chỉ_có,0
chỉ_là,1
chỉ_tên,1
chỉn,1
chị,1
chị_bộ,1
chị_ấy,1
chịu,0
chịu_chưa,0
chịu_lời,1
chịu_tốt,0
chịu_ăn,1
chọn,1
chọn_bên,1
chọn_ra,1
chốc_chốc,1
chớ,0
chớ_chi,0
chớ_gì,0
chớ_không,0
chớ_kể,0
chớ_như,0
chợt,1
chợt_nghe,1
chợt_nhìn,1
chủn,1
chứ,0
chứ_ai,0
chứ_còn,0
chứ_gì,0
chứ_không,0
chứ_không_phải,0
chứ_lại,0
chứ_lị,0
chứ_như,0
chứ_sao,0
coi_bộ,0
coi_mòi,0
con,1
con_con,1
con_dạ,1
con_nhà,1
con_tính,1
cu_cậu,1
cuối,0
cuối_cùng,0
cuối_điểm,1
cuốn,1
cuộc,0
càng,0
càng_càng,0
càng_hay,0
cá_nhân,1
các,1
các_cậu,1
cách,0
cách_bức,1
cách_không,1
cách_nhau,1
cách_đều,1
cái,1
cái_gì,0
cái_họ,1
cái_đã,1
cái_đó,1
cái_ấy,1
câu_hỏi,0
cây,1
cây_nước,1
còn,1
còn_như,1
còn_nữa,1
còn_thời_gian,1
còn_về,1
có,1
có_ai,0
có_chuyện,1
có_chăng,0
có_chăng_là,0
có_chứ,0
có_cơ,1
có_dễ,0
có_họ,1
có_khi,1
có_ngày,1
có_người,1
có_nhiều,1
có_nhà,1
có_phải,0
có_số,1
có_tháng,1
có_thế,1
có_thể,1
có_vẻ,0
có_ý,1
có_ăn,1
có_điều,0
có_điều_kiện,1
có_đáng,0
có_đâu,0
có_được,1
cóc_khô,1
cô,1
cô_mình,1
cô_quả,1
cô_tăng,1
cô_ấy,1
công_nhiên,1
cùng,0
cùng_chung,1
cùng_cực,0
cùng_nhau,1
cùng_tuổi,1
cùng_tột,0
cùng_với,1
cùng_ăn,1
căn,1
căn_cái,1
căn_cắt,1
căn_tính,1
cũng,1
cũng_như,1
cũng_nên,1
cũng_thế,1
cũng_vậy,1
cũng_vậy_thôi,1
cũng_được,0
cơ,1
cơ_chỉ,1
cơ_chừng,0
cơ_cùng,1
cơ_dẫn,1
cơ_hồ,0
cơ_hội,1
cơ_mà,0
cơn,1
cả,1
cả_nghe,1
cả_nghĩ,1
cả_ngày,1
cả_người,1
cả_nhà,1
cả_năm,1
cả_thảy,1
cả_thể,1
cả_tin,0
cả_ăn,1
cả_đến,1
cảm_thấy,0
cảm_ơn,0
cấp,0
cấp_số,1
cấp_trực_tiếp,1
cần,0
cần_cấp,0
cần_gì,0
cần_số,1
cật_lực,0
cật_sức,0
cậu,1
cổ_lai,1
cụ_thể,1
cụ_thể_là,1
cụ_thể_như,1
của,1
của_ngọt,1
của_tin,1
cứ,0
cứ_như,1
cứ_việc,1
cứ_điểm,1
cực_lực,0
do,1
do_vì,1
do_vậy,1
do_đó,1
duy,1
duy_chỉ,1
duy_có,1
dài,0
dài_lời,1
dài_ra,1
dành,1
dành_dành,1
dào,0
dì,1
dù,0
dù_cho,0
dù_dì,1
dù_gì,0
dù_rằng,0
dù_sao,0
dùng,0
dùng_cho,1
dùng_hết,1
dùng_làm,1
dùng_đến,1
dưới,1
dưới_nước,1
dạ,1
dạ_bán,1
dạ_con,1
dạ_dài,1
dạ_dạ,1
dạ_khách,1
dần_dà,1
dần_dần,1
dầu_sao,0
dẫn,1
dẫu,0
dẫu_mà,0
dẫu_rằng,0
dẫu_sao,0
dễ,0
dễ_dùng,0
dễ_gì,0
dễ_khiến,1
dễ_nghe,0
dễ_ngươi,1
dễ_như_chơi,0
dễ_sợ,0
dễ_sử_dụng,0
dễ_thường,0
dễ_thấy,0
dễ_ăn,0
dễ_đâu,0
dở_chừng,0
dữ,0
dữ_cách,1
em,1
em_em,1
giá_trị,0
giá_trị_thực_tế,0
giảm,0
giảm_chính,1
giảm_thấp,0
giảm_thế,1
giống,0
giống_người,1
giống_nhau,0
giống_như,0
giờ,1
giờ_lâu,1
giờ_này,1
giờ_đi,1
giờ_đây,1
giờ_đến,1
giữ,0
giữ_lấy,0
giữ_ý,1
giữa,1
giữa_lúc,1
gây,0
gây_cho,0
gây_giống,1
gây_ra,0
gây_thêm,0
gì,0
gì_gì,0
gì_đó,1
gần,1
gần_bên,1
gần_hết,1
gần_ngày,1
gần_như,1
gần_xa,1
gần_đây,1
gần_đến,1
gặp,0
gặp_khó_khăn,0
gặp_phải,0
gồm,1
hay,0
hay_biết,1
hay_hay,0
hay_không,0
hay_là,1
hay_làm,1
hay_nhỉ,0
hay_nói,0
hay_sao,0
hay_tin,1
hay_đâu,0
hiểu,1
hiện_nay,1
hiện_tại,1
hoàn_toàn,0
hoặc,1
hoặc_là,1
hãy,1
hãy_còn,1
hơn,0
hơn_cả,0
hơn_hết,0
hơn_là,1
hơn_nữa,1
hơn_trước,0
hầu_hết,1
hết,0
hết_chuyện,1
hết_cả,0
hết_của,1
hết_nói,0
hết_ráo,0
hết_rồi,0
hết_ý,0
họ,1
họ_gần,1
họ_xa,1
hỏi,0
hỏi_lại,0
hỏi_xem,0
hỏi_xin,0
hỗ_trợ,0
khi,1
khi_khác,1
khi_không,1
khi_nào,0
khi_nên,1
khi_trước,1
khiến,0
khoảng,1
khoảng_cách,1
khoảng_không,1
khá,0
khá_tốt,0
khác,1
khác_gì,0
khác_khác,1
khác_nhau,1
khác_nào,0
khác_thường,0
khác_xa,0
khách,0
khó,0
khó_biết,0
khó_chơi,0
khó_khăn,0
khó_làm,0
khó_mở,0
khó_nghe,0
khó_nghĩ,0
khó_nói,0
khó_thấy,0
khó_tránh,0
không,0
không_ai,0
không_bao_giờ,0
không_bao_lâu,0
không_biết,0
không_bán,0
không_chỉ,0
không_còn,0
không_có,0
không_có_gì,0
không_cùng,0
không_cần,0
không_cứ,0
không_dùng,0
không_gì,0
không_hay,0
không_khỏi,0
không_kể,0
không_ngoài,0
không_nhận,0
không_những,0
không_phải,0
không_phải_không,0
không_thể,0
không_tính,0
không_điều_kiện,0
không_được,0
không_đầy,0
không_để,0
khẳng_định,0
khỏi,0
khỏi_nói,0
kể,1
kể_cả,1
kể_như,1
kể_tới,1
kể_từ,1
liên_quan,1
loại,0
loại_từ,1
luôn,1
luôn_cả,1
luôn_luôn,0
luôn_tay,1
là,1
là_cùng,1
là_là,1
là_nhiều,1
là_phải,1
là_thế_nào,0
là_vì,1
là_ít,1
làm,0
làm_bằng,1
làm_cho,0
làm_dần_dần,1
làm_gì,0
làm_lòng,1
làm_lại,1
làm_lấy,1
làm_mất,0
làm_ngay,1
làm_như,1
làm_nên,1
làm_ra,1
làm_riêng,1
làm_sao,0
làm_theo,1
làm_thế_nào,0
làm_tin,1
làm_tôi,1
làm_tăng,0
làm_tại,1
làm_tắp_lự,1
làm_vì,1
làm_đúng,0
làm_được,0
lâu,0
lâu_các,1
lâu_lâu,0
lâu_nay,1
lâu_ngày,1
lên,0
lên_cao,1
lên_cơn,1
lên_mạnh,0
lên_ngôi,0
lên_nước,1
lên_số,1
lên_xuống,0
lên_đến,1
lòng,0
lòng_không,1
lúc,0
lúc_khác,1
lúc_lâu,1
lúc_nào,0
lúc_này,1
lúc_sáng,1
lúc_trước,1
lúc_đi,1
lúc_đó,1
lúc_đến,1
lúc_ấy,1
lý_do,1
lượng,1
lượng_cả,1
lượng_số,1
lượng_từ,1
lại,1
lại_bộ,1
lại_cái,1
lại_còn,1
lại_giống,1
lại_làm,1
lại_người,1
lại_nói,1
lại_nữa,1
lại_quả,1
lại_thôi,1
lại_ăn,1
lại_đây,1
lấy,1
lấy_có,1
lấy_cả,1
lấy_giống,1
lấy_làm,1
lấy_lý_do,1
lấy_lại,1
lấy_ra,1
lấy_ráo,1
lấy_sau,1
lấy_số,1
lấy_thêm,1
lấy_thế,1
lấy_vào,1
lấy_xuống,1
lấy_được,1
lấy_để,1
lần,1
lần_khác,1
lần_lần,1
lần_nào,0
lần_này,1
lần_sang,1
lần_sau,1
lần_theo,1
lần_trước,1
lần_tìm,1
lớn,0
lớn_lên,1
lớn_nhỏ,0
lời,0
lời_chú,1
lời_nói,1
mang,0
mang_lại,0
mang_mang,1
mang_nặng,0
mang_về,0
muốn,0
mà,0
mà_cả,1
mà_không,0
mà_lại,0
mà_thôi,1
mà_vẫn,0
mình,1
mạnh,0
mất,0
mất_còn,1
mọi,1
mọi_giờ,1
mọi_khi,1
mọi_lúc,1
mọi_người,1
mọi_nơi,1
mọi_sự,1
mọi_thứ,1
mọi_việc,1
mối,1
mỗi,1
mỗi_lúc,1
mỗi_lần,1
mỗi_một,1
mỗi_ngày,1
mỗi_người,1
một,1
một_cách,1
một_cơn,1
một_khi,1
một_lúc,1
một_số,0
một_vài,1
một_ít,1
mới,0
mới_hay,1
mới_rồi,1
mới_đây,1
mở,0
mở_mang,0
mở_nước,1
mở_ra,0
mợ,1
mức,1
nay,1
ngay,1
ngay_bây_giờ,1
ngay_cả,1
ngay_khi,1
ngay_khi_đến,1
ngay_lúc,1
ngay_lúc_này,1
ngay_lập_tức,1
ngay_thật,1
ngay_tức_khắc,1
ngay_tức_thì,1
ngay_từ,1
nghe,0
nghe_chừng,0
nghe_hiểu,1
nghe_không,1
nghe_lại,1
nghe_nhìn,1
nghe_như,1
nghe_nói,1
nghe_ra,1
nghe_rõ,0
nghe_thấy,1
nghe_tin,1
nghe_trực_tiếp,1
nghe_đâu,0
nghe_đâu_như,0
nghe_được,1
nghen,1
nghiễm_nhiên,1
nghĩ,1
nghĩ_lại,1
nghĩ_ra,1
nghĩ_tới,1
nghĩ_xa,1
nghĩ_đến,1
nghỉm,0
ngoài,1
ngoài_này,1
ngoài_ra,1
ngoài_xa,1
ngoải,1
nguồn,0
ngày,1
ngày_càng,0
ngày_cấp,1
ngày_giờ,1
ngày_ngày,1
ngày_nào,0
ngày_này,1
ngày_nọ,0
ngày_qua,1
ngày_rày,1
ngày_tháng,1
ngày_xưa,1
ngày_xửa,1
ngày_đến,1
ngày_ấy,1
ngôi,1
ngôi_nhà,1
ngôi_thứ,1
ngõ_hầu,1
ngăn_ngắt,1
ngươi,1
người,1
người_hỏi,1
người_khác,1
người_khách,1
người_mình,1
người_nghe,1
người_người,1
người_nhận,1
ngọn,1
ngọn_nguồn,1
ngọt,0
ngồi,1
ngồi_bệt,1
ngồi_không,1
ngồi_sau,1
ngồi_trệt,1
ngộ_nhỡ,0
nhanh,0
nhanh_lên,0
nhanh_tay,0
nhau,1
nhiên_hậu,1
nhiều,0
nhiều_ít,0
nhiệt_liệt,0
nhung_nhăng,0
nhà,1
nhà_chung,1
nhà_khó,1
nhà_làm,1
nhà_ngoài,1
nhà_ngươi,1
nhà_tôi,1
nhà_việc,1
nhân_dịp,1
nhân_tiện,1
nhé,1
nhìn,1
nhìn_chung,1
nhìn_lại,1
nhìn_nhận,1
nhìn_theo,1
nhìn_thấy,1
nhìn_xuống,1
nhóm,1
nhón_nhén,1
như,1
như_ai,1
như_chơi,1
như_không,1
như_là,1
như_nhau,1
như_quả,1
như_sau,1
như_thường,1
như_thế,1
như_thế_nào,0
như_thể,1
như_trên,1
như_trước,1
như_tuồng,1
như_vậy,1
như_ý,0
nhưng,0
nhưng_mà,0
nhược_bằng,1
nhất,0
nhất_loạt,1
nhất_luật,1
nhất_là,0
nhất_mực,0
nhất_nhất,1
nhất_quyết,0
nhất_sinh,1
nhất_thiết,0
nhất_thì,1
nhất_tâm,1
nhất_tề,1
nhất_đán,0
nhất_định,0
nhận,0
nhận_biết,1
nhận_họ,1
nhận_làm,1
nhận_nhau,1
nhận_ra,1
nhận_thấy,1
nhận_việc,1
nhận_được,0
nhằm,1
nhằm_khi,1
nhằm_lúc,1
nhằm_vào,1
nhằm_để,1
instagram,1
facebook,1
zalo,1
youtube,1
nhỉ,0
nhỏ,0
nhỏ_người,1
nhớ,1
nhớ_bập_bõm,1
nhớ_lại,1
nhớ_lấy,1
nhớ_ra,1
nhờ,1
nhờ_chuyển,1
nhờ_có,1
nhờ_nhờ,1
nhờ_đó,1
nhỡ_ra,1
những,1
những_ai,0
những_khi,1
những_là,1
những_lúc,1
những_muốn,1
những_như,1
nào,0
nào_cũng,1
nào_hay,0
nào_là,1
nào_phải,0
nào_đâu,0
nào_đó,1
này,1
này_nọ,1
nên,0
nên_chi,1
nên_chăng,0
nên_làm,0
nên_người,1
nên_tránh,0
nó,1
nóc,1
nói,0
nói_bông,1
nói_chung,0
nói_khó,0
nói_là,1
nói_lên,1
nói_lại,1
nói_nhỏ,1
nói_phải,0
nói_qua,1
nói_ra,1
nói_riêng,1
nói_rõ,0
nói_thêm,1
nói_thật,0
nói_toẹt,1
nói_trước,1
nói_tốt,0
nói_với,1
nói_xa,1
nói_ý,1
nói_đến,1
nói_đủ,1
năm,1
năm_tháng,1
nơi,1
nơi_nơi,1
nước,1
nước_bài,1
nước_cùng,1
nước_lên,1
nước_nặng,1
nước_quả,1
nước_xuống,1
nước_ăn,1
nước_đến,1
nấy,1
nặng,0
nặng_căn,1
nặng_mình,1
nặng_về,1
nếu,0
nếu_có,0
nếu_cần,1
nếu_không,0
nếu_mà,1
nếu_như,1
nếu_thế,1
nếu_vậy,1
nếu_được,1
nền,1
nọ,1
nớ,1
nức_nở,0
nữa,1
nữa_khi,1
nữa_là,1
nữa_rồi,1
oai_oái,1
oái,1
pho,1
phè,1
phè_phè,1
phía,1
phía_bên,1
phía_bạn,1
phía_dưới,1
phía_sau,1
phía_trong,1
phía_trên,1
phía_trước,1
phóc,1
phót,1
phù_hợp,0
phăn_phắt,1
phương_chi,1
phải,0
phải_biết,0
phải_chi,0
phải_chăng,0
phải_cách,1
phải_cái,1
phải_giờ,1
phải_khi,1
phải_không,0
phải_lại,1
phải_lời,1
phải_người,1
phải_như,1
phải_rồi,1
phải_tay,1
phần,1
phần_lớn,1
phần_nhiều,1
phần_nào,1
phần_sau,1
phần_việc,1
phắt,1
phỉ_phui,1
phỏng,1
phỏng_như,1
phỏng_nước,1
phỏng_theo,1
phỏng_tính,1
phốc,1
phụt,1
phứt,1
qua,1
qua_chuyện,1
qua_khỏi,1
qua_lại,1
qua_lần,1
qua_ngày,1
qua_tay,1
qua_thì,1
qua_đi,1
quan_trọng,0
quan_trọng_vấn_đề,1
quan_tâm,0
quay,0
quay_bước,1
quay_lại,0
quay_số,1
quay_đi,1
quá,0
quá_bán,1
quá_bộ,1
quá_giờ,0
quá_lời,0
quá_mức,0
quá_nhiều,0
quá_tay,1
quá_thì,1
quá_tin,1
quá_trình,1
quá_tuổi,1
quá_đáng,0
quá_ư,0
quả,1
quả_là,1
quả_thật,1
quả_thế,1
quả_vậy,1
quận,1
ra,1
ra_bài,1
ra_bộ,1
ra_chơi,1
ra_gì,0
ra_lại,1
ra_lời,1
ra_ngôi,1
ra_người,1
ra_sao,0
ra_tay,1
ra_vào,1
ra_ý,1
ra_điều,1
ra_đây,1
ren_rén,1
riu_ríu,1
riêng,0
riêng_từng,1
riệt,1
rày,1
ráo,1
ráo_cả,1
ráo_nước,1
ráo_trọi,1
rén,1
rén_bước,1
rích,1
rón_rén,1
rõ,0
rõ_là,1
rõ_thật,0
rút_cục,1
răng,1
răng_răng,1
rất,0
rất_lâu,0
rằng,1
rằng_là,1
rốt_cuộc,1
rốt_cục,1
rồi,1
rồi_nữa,1
rồi_ra,1
rồi_sao,0
rồi_sau,1
rồi_tay,1
rồi_thì,1
rồi_xem,1
rồi_đây,1
rứa,1
sa_sả,1
sang,1
sang_năm,1
sang_sáng,1
sang_tay,1
sao,0
sao_bản,1
sao_bằng,0
sao_cho,1
sao_vậy,0
sao_đang,1
sau,1
sau_chót,1
sau_cuối,1
sau_cùng,1
sau_hết,1
sau_này,1
sau_nữa,1
sau_sau,1
sau_đây,1
sau_đó,1
so,0
so_với,0
song_le,1
suýt,1
suýt_nữa,1
sáng,0
sáng_ngày,1
sáng_rõ,0
sáng_thế,1
sáng_ý,1
sì,1
sì_sì,1
sất,1
sắp,1
sắp_đặt,1
sẽ,1
sẽ_biết,1
sẽ_hay,1
số,1
số_cho_biết,1
số_cụ_thể,1
số_loại,1
số_là,1
số_người,1
số_phần,1
số_thiếu,1
sốt_sột,1
sớm,0
sớm_ngày,1
sở_dĩ,1
sử_dụng,0
sự,1
sự_thế,1
sự_việc,1
tanh,1
tanh_tanh,1
tay,1
tay_quay,1
tha_hồ,1
tha_hồ_chơi,1
tha_hồ_ăn,1
than_ôi,1
thanh,1
thanh_ba,1
thanh_chuyển,1
thanh_không,1
thanh_thanh,1
thanh_tính,1
thanh_điều_kiện,1
thanh_điểm,1
thay_đổi,0
thay_đổi_tình_trạng,0
theo,1
theo_bước,1
theo_như,1
theo_tin,1
thi_thoảng,0
thiếu,0
thiếu_gì,1
thiếu_điểm,0
thoạt,1
thoạt_nghe,1
thoạt_nhiên,1
thoắt,1
thuần,1
thuần_ái,1
thuộc,1
thuộc_bài,1
thuộc_cách,1
thuộc_lại,1
thuộc_từ,1
thà,1
thà_là,1
thà_rằng,1
thành_ra,1
thành_thử,1
thái_quá,1
tháng,1
tháng_ngày,1
tháng_năm,1
tháng_tháng,1
thêm,0
thêm_chuyện,1
thêm_giờ,1
thêm_vào,1
thì,1
thì_giờ,1
thì_là,1
thì_phải,1
thì_ra,1
thì_thôi,1
thình_lình,1
thích,0
thích_cứ,1
thích_thuộc,1
thích_tự,1
thích_ý,1
thím,1
thôi,1
thôi_việc,1
thúng_thắng,1
thương_ôi,0
thường,0
thường_bị,1
thường_hay,1
thường_khi,1
thường_số,1
thường_sự,1
thường_thôi,1
thường_thường,1
thường_tính,1
thường_tại,1
thường_xuất_hiện,1
thường_đến,1
thảo_hèn,1
thảo_nào,1
thấp,0
thấp_cơ,1
thấp_thỏm,0
thấp_xuống,1
thấy,0
thấy_tháng,1
thẩy,1
thậm,1
thậm_chí,1
thậm_cấp,1
thậm_từ,1
thật,0
thật_chắc,1
thật_là,0
thật_lực,1
thật_quả,1
thật_ra,1
thật_sự,0
thật_thà,0
thật_tốt,0
thật_vậy,1
thế,1
thế_chuẩn_bị,1
thế_là,1
thế_lại,1
thế_mà,0
thế_nào,1
thế_nên,1
thế_ra,1
thế_sự,1
thế_thì,1
thế_thôi,1
thế_thường,1
thế_thế,1
thế_à,1
thế_đó,1
thếch,1
thỉnh_thoảng,0
thỏm,1
thốc,1
thốc_tháo,1
thốt,1
thốt_nhiên,1
thốt_nói,1
thốt_thôi,1
thộc,1
thời_gian,0
thời_gian_sử_dụng,0
thời_gian_tính,1
thời_điểm,0
thục_mạng,1
thứ,1
thứ_bản,1
thứ_đến,1
thửa,1
thực_hiện,1
thực_hiện_đúng,1
thực_ra,1
thực_sự,0
thực_tế,0
thực_vậy,1
tin,0
tin_thêm,1
tin_vào,1
tiếp_theo,1
tiếp_tục,1
tiếp_đó,1
tiện_thể,1
toà,1
toé_khói,1
toẹt,1
trong,0
trong_khi,0
trong_lúc,0
trong_mình,1
trong_ngoài,1
trong_này,1
trong_số,1
trong_vùng,1
trong_đó,1
trong_ấy,1
tránh,0
tránh_khỏi,0
tránh_ra,1
tránh_tình_trạng,0
tránh_xa,1
trên,0
trên_bộ,1
trên_dưới,1
trước,1
trước_hết,1
trước_khi,1
trước_kia,1
trước_nay,1
trước_ngày,1
trước_nhất,1
trước_sau,1
trước_tiên,1
trước_tuổi,1
trước_đây,1
trước_đó,1
trả,0
trả_của,0
trả_lại,0
trả_ngay,0
trả_trước,0
trếu_tráo,1
trển,1
trệt,1
trệu_trạo,1
trỏng,1
trời_đất_ơi,1
trở_thành,0
trừ_phi,0
trực_tiếp,1
trực_tiếp_làm,1
tuy,1
tuy_có,0
tuy_là,0
tuy_nhiên,0
tuy_rằng,0
tuy_thế,0
tuy_vậy,0
tuy_đã,0
tuyệt_nhiên,0
tuần_tự,1
tuốt_luốt,1
tuốt_tuồn_tuột,1
tuốt_tuột,1
tuổi,1
tuổi_cả,1
tuổi_tôi,1
tà_tà,1
tên,1
tên_chính,1
tên_cái,1
tên_họ,1
tên_tự,1
tênh,1
tênh_tênh,1
tìm,1
tìm_bạn,1
tìm_cách,1
tìm_hiểu,1
tìm_ra,1
tìm_việc,1
tình_trạng,0
tính,0
tính_cách,1
tính_căn,1
tính_người,1
tính_phỏng,1
tính_từ,1
tít_mù,1
tò_te,1
tôi,1
tôi_con,1
tông_tốc,1
tù_tì,1
tăm_tắp,1
tăng,0
tăng_chúng,1
tăng_cấp,1
tăng_giảm,0
tăng_thêm,0
tăng_thế,1
tại,1
tại_lòng,1
tại_nơi,1
tại_sao,0
tại_tôi,1
tại_vì,1
tại_đâu,1
tại_đây,1
tại_đó,1
tạo,1
tạo_cơ_hội,1
tạo_nên,1
tạo_ra,1
tạo_ý,1
tạo_điều_kiện,1
tấm,1
tấm_bản,1
tấm_các,1
tấn,1
tấn_tới,1
tất_cả,0
tất_cả_bao_nhiêu,0
tất_thảy,0
tất_tần_tật,0
tất_tật,1
tập_trung,1
tắp,1
tắp_lự,1
tắp_tắp,1
tọt,1
tỏ_ra,0
tỏ_vẻ,0
tốc_tả,1
tối_ư,0
tốt,0
tốt_bạn,1
tốt_bộ,1
tốt_hơn,0
tốt_mối,1
tốt_ngày,1
tột,0
tột_cùng,0
tớ,1
tới,1
tới_gần,1
tới_mức,1
tới_nơi,1
tới_thì,1
tức_thì,1
tức_tốc,1
từ,1
từ_căn,1
từ_giờ,1
từ_khi,1
từ_loại,1
từ_nay,1
từ_thế,1
từ_tính,1
từ_tại,1
từ_từ,0
từ_ái,1
từ_điều,1
từ_đó,1
từ_ấy,1
từng,1
từng_cái,1
từng_giờ,1
từng_nhà,1
từng_phần,1
từng_thời_gian,1
từng_đơn_vị,1
từng_ấy,1
tự,1
tự_cao,0
tự_khi,1
tự_lượng,1
tự_tính,1
tự_tạo,1
tự_vì,1
tự_ý,1
tự_ăn,1
tựu_trung,1
veo,1
veo_veo,1
việc,1
việc_gì,0
vung_thiên_địa,1
vung_tàn_tán,1
vung_tán_tàn,1
và,1
vài,1
vài_ba,1
vài_người,1
vài_nhà,1
vài_nơi,1
vài_tên,1
vài_điều,1
vào,1
vào_gặp,1
vào_khoảng,1
vào_lúc,1
vào_vùng,1
vào_đến,1
vâng,1
vâng_chịu,1
vâng_dạ,1
vâng_vâng,1
vâng_ý,1
vèo,1
vèo_vèo,1
vì,1
vì_chưng,1
vì_rằng,1
vì_sao,0
vì_thế,1
vì_vậy,1
ví_bằng,1
ví_dù,1
ví_phỏng,1
ví_thử,1
vô_hình_trung,1
vô_kể,0
vô_luận,1
vô_vàn,0
vùng,1
vùng_lên,1
vùng_nước,1
văng_tê,1
vượt,0
vượt_khỏi,0
vượt_quá,0
vạn_nhất,1
vả_chăng,1
vả_lại,0
vấn_đề,0
vấn_đề_quan_trọng,1
vẫn,0
vẫn_thế,1
vậy,1
vậy_là,1
vậy_mà,1
vậy_nên,1
vậy_ra,1
vậy_thì,1
vậy_ư,1
về,1
về_không,1
về_nước,1
về_phần,1
về_sau,1
về_tay,1
vị_trí,1
vị_tất,1
vốn_dĩ,1
với,1
với_lại,1
với_nhau,1
vở,1
vụt,1
vừa,0
vừa_khi,1
vừa_lúc,1
vừa_mới,1
vừa_qua,1
vừa_rồi,1
vừa_vừa,1
xa,1
xa_cách,1
xa_gần,1
xa_nhà,1
xa_tanh,1
xa_tắp,1
xa_xa,1
xa_xả,1
xem,1
xem_lại,1
xem_ra,0
xem_số,1
xin,1
xin_gặp,1
xin_vâng,1
xiết_bao,1
xon_xón,1
xoành_xoạch,1
xoét,1
xoẳn,1
xoẹt,1
xuất_hiện,1
xuất_kì_bất_ý,1
xuất_kỳ_bất_ý,1
xuể,1
xuống,0
xăm_xúi,1
xăm_xăm,1
xăm_xắm,1
xảy_ra,1
xềnh_xệch,1
xệp,1
xử_lý,0
yêu_cầu,0
à,1
à_này,1
à_ơi,1
ào,1
ào_vào,1
ào_ào,1
á,1
á_à,1
ái,1
ái_chà,1
ái_dà,1
áng,1
áng_như,1
âu_là,1
ít,0
ít_biết,1
ít_có,1
ít_hơn,0
ít_khi,0
ít_lâu,1
ít_nhiều,1
ít_nhất,0
ít_nữa,1
ít_quá,0
ít_ra,0
ít_thôi,1
ít_thấy,1
ô_hay,0
ô_hô,0
ô_kê,1
ô_kìa,0
ôi_chao,0
ôi_thôi,0
ông,1
ông_nhỏ,1
ông_tạo,1
ông_từ,1
ông_ấy,1
ông_ổng,1
úi,1
úi_chà,1
úi_dào,1
ý,1
ý_chừng,1
ý_da,1
ý_hoặc,1
ăn,1
ăn_chung,1
ăn_chắc,0
ăn_chịu,1
ăn_cuộc,1
ăn_hết,1
ăn_hỏi,1
ăn_làm,1
ăn_người,1
ăn_ngồi,1
ăn_quá,1
ăn_riêng,1
ăn_sáng,1
ăn_tay,1
ăn_trên,1
ăn_về,1
đang,1
đang_tay,1
đang_thì,1
điều,1
điều_gì,0
điều_kiện,0
điểm,0
điểm_chính,1
điểm_gặp,1
điểm_đầu_tiên,1
đành_đạch,1
đáng,0
đáng_kể,0
đáng_lí,0
đáng_lý,0
đáng_lẽ,0
đáng_số,1
đánh_giá,0
đánh_đùng,1
đáo_để,0
đâu,0
đâu_có,0
đâu_cũng,1
đâu_như,1
đâu_nào,1
đâu_phải,1
đâu_đâu,1
đâu_đây,1
đâu_đó,1
đây,1
đây_này,1
đây_rồi,1
đây_đó,1
đã,1
đã_hay,1
đã_không,0
đã_là,1
đã_lâu,1
đã_thế,1
đã_vậy,1
đã_đủ,1
đó,1
đó_đây,1
đúng,0
đúng_ngày,0
đúng_ra,1
đúng_tuổi,1
đúng_với,1
đơn_vị,1
đưa,1
đưa_cho,1
đưa_chuyện,1
đưa_em,1
đưa_ra,1
đưa_tay,1
đưa_tin,1
đưa_tới,1
đưa_vào,1
đưa_về,1
đưa_xuống,1
đưa_đến,1
được,0
được_cái,1
được_lời,1
được_nước,1
được_tin,1
đại_loại,1
đại_nhân,1
đại_phàm,1
đại_để,1
đạt,0
đảm_bảo,0
đầu_tiên,1
đầy,0
đầy_năm,1
đầy_phè,1
đầy_tuổi,1
đặc_biệt,0
đặt,0
đặt_làm,1
đặt_mình,1
đặt_mức,1
đặt_ra,1
đặt_trước,0
đặt_để,1
đến,1
đến_bao_giờ,0
đến_cùng,0
đến_cùng_cực,0
đến_cả,1
đến_giờ,1
đến_gần,1
đến_hay,1
đến_khi,1
đến_lúc,1
đến_lời,1
đến_nay,1
đến_ngày,1
đến_nơi,1
đến_nỗi,0
đến_thì,1
đến_thế,1
đến_tuổi,1
đến_xem,1
đến_điều,1
đến_đâu,0
đều,1
đều_bước,1
đều_nhau,1
đều_đều,1
để,1
để_cho,1
để_giống,1
để_không,1
để_lòng,1
để_lại,1
để_mà,1
để_phần,1
để_được,1
để_đến_nỗi,0
đối_với,1
đồng_thời,1
đủ,0
đủ_dùng,1
đủ_nơi,1
đủ_số,1
đủ_điều,1
đủ_điểm,1
ơ,1
ơ_hay,1
ơ_kìa,1
ơi,1
ơi_là,1
ư,1
ạ,1
ạ_ơi,1
ấy,1
ấy_là,1
ầu_ơ,1
ắt,1
ắt_hẳn,0
ắt_là,0
ắt_phải,0
ắt_thật,0
ối_dào,0
ối_giời,0
ối_giời_ơi,0
ồ,1
ồ_ồ,1
ổng,1
ớ,1
ớ_này,1
ờ,1
ờ_ờ,1
ở,1
ở_lại,1
ở_như,1
ở_nhờ,1
ở_năm,1
ở_trên,1
ở_vào,1
ở_đây,1
ở_đó,1
ở_được,1
ủa,1
ứ_hự,1
ứ_ừ,1
ừ,1
ừ_nhé,1
ừ_thì,1
ừ_ào,1
ừ_ừ,1
ử,1